processes,time,speedup
1,2.164867,1.29
2,0.653362,4.28
4,0.341353,8.20
8,0.229937,12.17
