threads,time,speedup
1,2.791925,1.00
2,1.403804,1.99
4,0.702553,3.98
8,0.360661,7.76
