processes,time,speedup
1,2.799065,1.00
2,1.409125,1.99
4,0.704731,3.97
8,0.354806,7.88
