pattern,grid_size,steps,nb_workers,t_calc,t_ghost,t_gather,t_total,t_serial,speedup,efficiency
block_switch_engine,400x400,5000,1,1.106856,0.015651,0.023741,1.146725,1.103697,0.9625,96.2
block_switch_engine,400x400,5000,2,0.780152,0.028709,0.037231,0.846609,1.109044,1.3100,65.5
block_switch_engine,400x400,5000,4,0.602966,0.032075,0.056566,0.692156,1.113415,1.6086,40.2
block_switch_engine,400x400,5000,8,0.760767,0.328736,0.568874,1.659553,1.593179,0.9600,12.0
flat,200x400,5000,1,0.803016,0.017036,0.016578,0.837118,0.782393,0.9346,93.5
flat,200x400,5000,2,0.595702,0.030200,0.027025,0.653406,0.778151,1.1909,59.5
flat,200x400,5000,4,0.436787,0.037073,0.042979,0.517406,0.782919,1.5132,37.8
flat,200x400,5000,8,0.564378,0.129983,0.236316,0.931596,1.126874,1.2096,15.1
